{"cameraMode":{"drawMode":0,"name":"Shaded","section":"Shading Mode"},"sceneLighting":false,"audioPlay":false,"sceneViewState":{"showFog":true,"showMaterialUpdate":false,"showSkybox":false,"showFlares":true,"showImageEffects":true,"showParticleSystems":true},"in2DMode":false,"pivot":{"x":0.12895894050598145,"y":-1.163282871246338,"z":-1.6664175987243653},"rotation":{"x":0.3582555651664734,"y":0.17656663060188294,"z":-0.06919576227664948,"w":0.9141613841056824},"size":9.753767013549805,"orthographic":false}